<?xml version="1.0" encoding="UTF-8" ?>
<configuration>
    <!-- 定义日志文件的保存路径 -->
    <property name="log_dir" value="logs"/>
    <property name="patternFile" value="%m%n"/>
    <property name="patternConsole" value="%cyan(%date{yyyy-MM-dd HH:mm:ss.SSS,GMT+8}) %highlight([%-5level]) %yellow(%c{10}:%L) %m%n">
        <!--
        日志输出格式：
            %-5level 日志级别
            %d{yyyy-MM-dd HH:mm:ss.SSS} 日期
            %c 类的完整名称
            %M method方法名
            %L 行号
            %thread 线程名
            %m或者%msg 日志信息
            %n 换行
        -->
    </property>

    <!-- 控制台日志输出的 appender -->
    <appender name="console" class="ch.qos.logback.core.ConsoleAppender">
        <!-- 日志消息格式配置 -->
        <encoder class="ch.qos.logback.classic.encoder.PatternLayoutEncoder">
            <pattern>${patternConsole}</pattern>
        </encoder>
    </appender>

    <!-- 日志文件输出的 appender -->
    <appender name="file" class="ch.qos.logback.core.FileAppender">
        <!-- 日志文件的保存路径 -->
        <file>${log_dir}/logback.log</file>
        <!-- 日志消息格式配置 -->
        <encoder class="ch.qos.logback.classic.encoder.PatternLayoutEncoder">
            <pattern>${patternFile}</pattern>
        </encoder>
        <append>false</append>
    </appender>

    <!-- root logger配置 -->
    <root level="ALL">
        <appender-ref ref="console"/>
        <appender-ref ref="file"/>
    </root>
</configuration>
